0.0,nan,16.0,nan
0.01,28.524493860881314,4994.0,28.52353223013196
0.03,27.450160792648752,4999.0,27.450160792648752
0.075,25.521614323610198,4998.0,25.521427714849978
0.1,24.677270951162903,4999.0,24.677270951162903
