0.0,nan,17.0,nan
0.01,31.206783438750733,4996.0,31.206532502062167
0.03,30.56306505037692,4997.0,30.562820262318546
0.075,28.905285174514592,4999.0,28.905285174514592
0.1,28.280408173646777,4999.0,28.280408173646777
